"ID","I","J","X","r","Y0","YRank","CRank"
1,2,3,11,1,10,799,98
2,4,4,28,1.00424791508556,5,1,1
3,1,2,2,1.00667779243902,6,365,11
4,1,4,4,1.00989187337578,5,2,2
5,1,1,1,1.01347795280232,5,3,3
6,1,5,5,1.02960115050484,5,4,4
7,3,2,18,1.0393986257676,5,5,5
8,2,5,13,1.04711842478466,8,678,60
9,4,4,28,1.04788082065572,5,6,6
10,4,3,27,1.05304544630542,5,7,7
11,2,2,10,1.0641382734523,5,8,8
12,1,3,3,1.08021479653227,6,366,22
13,3,1,17,1.0854302922762,5,9,9
14,3,1,17,1.08586732057719,12,861,246
15,4,1,25,1.08931110358894,5,10,10
16,1,4,4,1.10058014054677,5,11,12
17,1,3,3,1.10305127337185,5,12,13
18,3,6,22,1.10328621978646,5,13,14
19,3,3,19,1.10574018931826,11,841,225
20,2,6,14,1.11305537561532,5,14,15
21,3,3,19,1.11395635316062,5,15,16
22,1,1,1,1.11640186364074,7,564,64
23,4,4,28,1.1192995485741,16,920,402
24,1,1,1,1.12539216011811,5,16,17
25,3,6,22,1.13297780601438,9,746,166
26,1,4,4,1.14247821857335,6,367,44
27,1,3,3,1.14258939857312,5,17,18
28,2,3,11,1.14454798460681,6,368,45
29,3,3,19,1.14850711139108,5,18,19
30,1,4,4,1.15416435534164,9,747,183
31,4,3,27,1.16252208456965,7,565,89
32,1,3,3,1.16626804143522,7,566,90
33,2,6,14,1.16735946342757,5,19,20
34,4,3,27,1.17176290231784,18,928,497
35,4,1,25,1.17468685473318,10,800,236
36,2,1,9,1.17602925583552,7,567,95
37,4,6,30,1.17865367321554,8,679,148
38,2,7,15,1.17908475793163,5,20,21
39,1,4,4,1.18511032933427,6,369,55
40,4,3,27,1.18637858546372,6,370,56
41,3,1,17,1.18654115999169,5,21,23
42,1,2,2,1.1887617632216,7,568,101
43,1,4,4,1.18944442640078,5,22,24
44,3,3,19,1.1912917824886,7,569,103
45,4,4,28,1.19517771327572,6,371,58
46,2,2,10,1.19564008921816,5,23,25
47,1,2,2,1.19623689506598,5,24,26
48,1,4,4,1.20122531090472,5,25,27
49,1,1,1,1.20136376147047,5,26,28
50,3,2,18,1.20179589505449,5,27,29
51,1,5,5,1.20500123542522,5,28,30
52,4,4,28,1.21261601654155,6,372,66
53,2,4,12,1.21379599295421,5,29,31
54,1,3,3,1.21500428880076,5,30,32
55,3,2,18,1.21723523087162,10,801,272
56,3,3,19,1.21908753162251,8,680,179
57,4,3,27,1.2212586882218,6,373,68
58,1,3,3,1.22132162029714,13,883,390
59,1,3,3,1.22346131085875,5,31,33
60,3,1,17,1.22463167264878,6,374,70
61,2,3,11,1.22655547122971,5,32,34
62,2,4,12,1.22784230106196,8,681,185
63,3,3,19,1.22829921415064,6,375,74
64,1,4,4,1.23022913112778,6,376,75
65,2,3,11,1.23078240895682,6,377,76
66,2,6,14,1.23343919140416,5,33,35
67,3,3,19,1.23501354215562,5,34,36
68,2,4,12,1.23510374479694,5,35,37
69,3,3,19,1.23531351838142,5,36,38
70,1,4,4,1.23654279158642,5,37,39
71,2,4,12,1.2367519658178,7,570,134
72,2,2,10,1.2368280836613,5,38,40
73,4,1,25,1.23725392403778,6,378,77
74,1,1,1,1.23936844176926,5,39,41
75,1,4,4,1.24039528346525,6,379,79
76,2,1,9,1.24062079006856,6,380,80
77,1,3,3,1.24172821978325,6,381,81
78,1,4,4,1.24519647637985,6,382,82
79,1,5,5,1.24610374713269,8,682,193
80,1,3,3,1.25092801514159,5,40,42
81,2,4,12,1.25285059004327,7,571,145
82,1,4,4,1.25423584489216,7,572,146
83,1,5,5,1.25452877871905,5,41,43
84,2,4,12,1.2548207136241,6,383,86
85,3,3,19,1.25714920041174,21,937,615
86,1,4,4,1.25948363078428,5,42,46
87,1,3,3,1.26053055080906,7,573,147
88,2,1,9,1.2631755293301,9,748,251
89,1,6,6,1.26371161737931,5,43,47
90,1,5,5,1.2655733579415,5,44,48
91,3,3,19,1.26767109378622,6,384,92
92,1,4,4,1.27087089014079,7,574,153
93,1,3,3,1.27194086028682,6,385,93
94,4,5,29,1.27202389566401,5,45,49
95,3,2,18,1.2727858982096,10,802,305
96,1,5,5,1.27288047113394,6,386,94
97,3,4,20,1.27685812791816,5,46,50
98,3,4,20,1.27929604659237,6,387,97
99,2,6,14,1.28006122071478,7,575,160
100,1,6,6,1.28007395696812,7,576,161
101,3,2,18,1.28354046545152,6,388,99
102,3,3,19,1.28398098997891,10,803,312
103,1,3,3,1.28488394186384,17,924,531
104,4,4,28,1.28707456764547,9,749,270
105,1,3,3,1.28790795148023,5,47,51
106,2,3,11,1.28818799921549,5,48,52
107,3,4,20,1.29131107837346,7,577,167
108,2,4,12,1.29254814316874,5,49,53
109,2,4,12,1.29378947835486,10,804,322
110,3,3,19,1.29530177108758,6,389,104
111,2,3,11,1.29591448476556,6,390,105
112,4,1,25,1.29642755599091,9,750,276
113,1,4,4,1.29751138617735,6,391,108
114,1,6,6,1.29885393711797,11,842,355
115,1,4,4,1.30195159371534,6,392,112
116,2,5,13,1.30316688201472,5,50,54
117,1,6,6,1.30351965125927,6,393,113
118,1,3,3,1.31139839746939,6,394,116
119,4,1,25,1.31241230312768,6,395,117
120,1,1,1,1.31394714652073,6,396,118
121,1,3,3,1.31476438944357,6,397,119
122,1,3,3,1.31670566915654,5,51,57
123,4,1,25,1.32032309807987,9,751,288
124,1,6,6,1.32474524178142,6,398,120
125,3,2,18,1.3260059810241,5,52,59
126,4,1,25,1.3274649563041,5,53,61
127,3,4,20,1.32748667802043,31,948,786
128,4,2,26,1.32783940215238,5,54,62
129,2,4,12,1.32808636287229,11,843,385
130,1,5,5,1.32987001045007,5,55,63
131,1,4,4,1.33061977620324,6,399,126
132,1,6,6,1.33270090497252,7,578,188
133,3,1,17,1.33500500558097,20,935,639
134,1,1,1,1.33570486270216,5,56,65
135,2,3,11,1.34314133627169,5,57,67
136,1,4,4,1.34424526975997,10,805,339
137,2,5,13,1.34637639456689,15,909,519
138,1,3,3,1.34949642701327,5,58,69
139,1,4,4,1.3526480420382,9,752,307
140,3,4,20,1.35373070681584,6,400,140
141,2,3,11,1.35436422304094,5,59,71
142,4,3,27,1.35497798558684,6,401,142
143,4,3,27,1.35559919010038,7,579,202
144,4,4,28,1.35564698850999,5,60,72
145,1,2,2,1.35595505600261,7,580,203
146,3,2,18,1.35630148209354,5,61,73
147,1,3,3,1.35711265032299,8,683,255
148,2,3,11,1.3577194016863,7,581,204
149,1,4,4,1.36032808604748,8,684,263
150,3,3,19,1.36132087987707,13,884,480
151,2,2,10,1.36589582660201,12,862,446
152,2,3,11,1.36739745584418,23,940,689
153,1,4,4,1.36914906527452,5,62,78
154,4,3,27,1.37946380723433,6,402,149
155,4,5,29,1.37981766568788,26,943,752
156,1,7,7,1.38037509864754,10,806,362
157,2,4,12,1.38415224684728,6,403,151
158,1,3,3,1.3860305944849,6,404,154
159,2,1,9,1.3863122904412,7,582,216
160,2,4,12,1.38666515957793,6,405,155
161,1,3,3,1.38695359825658,5,63,83
162,1,8,8,1.38696723353957,5,64,84
163,4,3,27,1.38787974863203,5,65,85
164,1,4,4,1.38805386070714,10,807,371
165,2,7,15,1.38821598572028,14,899,513
166,2,4,12,1.3902289068583,24,941,720
167,3,5,21,1.39027326523085,5,66,87
168,1,4,4,1.39418344484541,5,67,88
169,1,1,1,1.39420175235823,11,844,417
170,1,1,1,1.39484283314593,12,863,463
171,3,6,22,1.39862458471044,18,929,628
172,1,6,6,1.40069534134138,10,808,379
173,3,3,19,1.40233419747006,5,68,91
174,1,5,5,1.40271283879004,6,406,163
175,1,5,5,1.4055430340672,6,407,165
176,4,1,25,1.40647696354641,8,685,284
177,2,1,9,1.41304727273093,17,925,612
178,3,5,21,1.41400652414405,6,408,170
179,3,4,20,1.41422591235114,6,409,171
180,1,2,2,1.41425366364825,8,686,289
181,1,2,2,1.41514949882722,9,753,333
182,1,4,4,1.41761515423092,5,69,96
183,2,1,9,1.41911638390437,7,583,232
184,4,3,27,1.42028836894238,6,410,174
185,2,1,9,1.42081804724317,6,411,175
186,4,4,28,1.42148844865688,6,412,176
187,1,4,4,1.42192023261825,8,687,293
188,4,5,29,1.42492156817808,5,70,100
189,3,3,19,1.43119659533492,9,754,341
190,2,3,11,1.43308455759517,6,413,180
191,2,3,11,1.43429355268701,30,947,813
192,3,2,18,1.43543646909974,5,71,102
193,1,4,4,1.43602638238693,7,584,239
194,2,4,12,1.43915470588451,5,72,106
195,2,3,11,1.43927427682765,5,73,107
196,2,6,14,1.44084909374264,9,755,348
197,1,4,4,1.44164681606803,7,585,243
198,1,6,6,1.44237368153823,5,74,109
199,3,2,18,1.44374979625236,5,75,110
200,1,3,3,1.44554440926752,5,76,111
201,4,1,25,1.44580872398396,15,910,571
202,3,5,21,1.44880599518059,8,688,306
203,4,4,28,1.44903871275086,6,414,186
204,1,3,3,1.45143222934969,10,809,406
205,4,1,25,1.45357139547734,5,77,114
206,3,4,20,1.45491067641797,17,926,632
207,1,3,3,1.45494733538016,12,864,490
208,1,3,3,1.45551874988369,8,689,310
209,4,2,26,1.4571438396209,5,78,115
210,2,4,12,1.46037578309621,11,845,456
211,3,2,18,1.46193366979967,6,415,190
212,2,5,13,1.46528130658521,12,865,496
213,1,6,6,1.4665233410166,6,416,192
214,1,2,2,1.47053263864982,6,417,194
215,1,4,4,1.47184022732636,6,418,196
216,1,5,5,1.47464315203755,5,79,121
217,1,1,1,1.47639476146789,5,80,122
218,2,4,12,1.47697268769311,5,81,123
219,1,2,2,1.47723280693785,5,82,124
220,1,4,4,1.47920572749981,5,83,125
221,3,6,22,1.47950570372561,10,810,421
222,1,2,2,1.48197998315446,5,84,127
223,2,3,11,1.48490999569557,12,866,502
224,1,3,3,1.48519731058716,7,586,269
225,1,3,3,1.48777602729342,5,85,128
226,3,1,17,1.48786203446305,55,951,914
227,1,4,4,1.488123901821,6,419,205
228,1,3,3,1.49035249642555,7,587,273
229,1,6,6,1.49113327870157,6,420,207
230,2,1,9,1.49282685077354,10,811,431
231,3,5,21,1.49419378789335,12,867,505
232,4,3,27,1.49422027180839,5,86,129
233,2,3,11,1.49598866312549,5,87,130
234,1,4,4,1.49710570746281,5,88,131
235,3,4,20,1.49746494472621,6,421,210
236,4,6,30,1.49835176255457,5,89,132
237,2,3,11,1.49913526689257,5,90,133
238,2,2,10,1.50012854481505,5,91,135
239,2,5,13,1.50142179896332,5,92,136
240,1,3,3,1.50210793339586,6,422,211
241,4,4,28,1.50456016162529,7,588,278
242,4,3,27,1.50465860537172,5,93,137
243,3,3,19,1.50496592367297,5,94,138
244,2,4,12,1.50730594800775,5,95,139
245,3,2,18,1.50746327819611,6,423,212
246,2,1,9,1.50759526074301,6,424,213
247,1,4,4,1.50982008441765,5,96,141
248,3,1,17,1.5184491208149,5,97,143
249,4,5,29,1.51848058685258,5,98,144
250,3,3,19,1.52539592290297,7,589,285
251,1,1,1,1.53383968427365,6,425,220
252,4,4,28,1.53397472601865,8,690,338
253,1,4,4,1.53680361021092,6,426,222
254,2,4,12,1.54102495397578,5,99,150
255,4,4,28,1.54588331019215,5,100,152
256,1,4,4,1.54643029481366,10,812,455
257,3,1,17,1.5482477581657,28,946,824
258,1,2,2,1.54844704307094,7,590,297
259,3,4,20,1.55049832905053,5,101,156
260,3,6,22,1.55096507527598,6,427,229
261,4,2,26,1.55229247590217,9,756,411
262,1,4,4,1.55390115626721,7,591,300
263,3,1,17,1.55542171507809,5,102,157
264,1,5,5,1.55600803224669,10,813,462
265,3,3,19,1.55692672400579,9,757,412
266,3,4,20,1.55725723394222,5,103,158
267,1,2,2,1.55796312205396,5,104,159
268,2,4,12,1.56030349601139,9,758,415
269,3,4,20,1.56080240751979,5,105,162
270,1,3,3,1.56100112765001,13,885,561
271,3,6,22,1.56789799901456,5,106,164
272,1,5,5,1.56905280259707,8,691,356
273,1,4,4,1.56975882181731,8,692,357
274,3,1,17,1.57651025352505,5,107,168
275,3,5,21,1.57802869154804,13,886,570
276,1,4,4,1.57877988716816,9,759,420
277,1,1,1,1.58023822979767,7,592,309
278,1,1,1,1.58027778710217,5,108,169
279,3,6,22,1.58250138709757,5,109,172
280,1,5,5,1.58313035822835,6,428,240
281,1,4,4,1.58350270634078,6,429,241
282,2,4,12,1.58463023935732,6,430,242
283,3,2,18,1.58469732320152,8,693,366
284,2,4,12,1.58796598897307,5,110,173
285,3,5,21,1.58846285269172,7,593,315
286,4,1,25,1.58972913595055,5,111,177
287,1,3,3,1.58985447566727,8,694,370
288,4,2,26,1.59055787271771,8,695,372
289,1,3,3,1.59097175838366,11,846,508
290,1,5,5,1.59250461528444,6,431,247
291,1,4,4,1.59271301535139,7,594,318
292,1,3,3,1.59438371211344,14,900,614
293,2,1,9,1.59512183210293,9,760,432
294,1,3,3,1.59736489442533,5,112,178
295,3,4,20,1.60353105783239,8,696,376
296,4,4,28,1.6050674308245,6,432,252
297,3,4,20,1.60534782818241,5,113,181
298,1,2,2,1.60676275100968,5,114,182
299,2,2,10,1.61412939994323,7,595,325
300,3,5,21,1.61613963023557,5,115,184
301,3,4,20,1.61719584023339,6,433,258
302,1,4,4,1.61950509777578,6,434,261
303,1,1,1,1.62119464918738,8,697,388
304,1,4,4,1.62225793904368,12,868,553
305,3,3,19,1.62508099619193,9,761,445
306,3,1,17,1.62890592615257,10,814,489
307,3,4,20,1.63095239857759,8,698,393
308,4,4,28,1.63295612963477,5,116,187
309,4,5,29,1.63419798925484,5,117,189
310,1,4,4,1.63463476782537,7,596,328
311,1,4,4,1.6351128351649,9,762,450
312,1,4,4,1.63539369868633,6,435,268
313,2,3,11,1.63880042169815,5,118,191
314,4,4,28,1.64168241107225,14,901,631
315,4,3,27,1.64970445261901,5,119,195
316,3,3,19,1.65611932883216,5,120,197
317,2,5,13,1.65800729109241,5,121,198
318,4,4,28,1.65807896373377,9,763,459
319,4,3,27,1.65899952014696,5,122,199
320,3,3,19,1.65925859052378,5,123,200
321,1,3,3,1.66098607599191,8,699,403
322,4,3,27,1.66190907976359,6,436,279
323,2,5,13,1.66278226230895,6,437,281
324,3,3,19,1.6632327510816,5,124,201
325,4,3,27,1.66578901701971,6,438,282
326,4,3,27,1.66972780742038,9,764,465
327,2,2,10,1.67019311929653,13,887,613
328,1,3,3,1.67185234766756,5,125,206
329,3,4,20,1.67594083482891,5,126,208
330,2,6,14,1.67658011982759,6,439,283
331,1,4,4,1.67887976274737,5,127,209
332,3,2,18,1.68132287581509,7,597,345
333,1,2,2,1.68610496434968,7,598,347
334,3,2,18,1.68948556555563,6,440,287
335,1,6,6,1.6922729320593,6,441,290
336,1,4,4,1.69374641667889,10,815,510
337,1,6,6,1.69531246389264,12,869,586
338,1,4,4,1.69578989744654,11,847,547
339,4,1,25,1.69861013377576,9,765,476
340,2,1,9,1.69890999346067,5,128,214
341,2,4,12,1.69914763696422,7,599,350
342,4,1,25,1.70114722873906,6,442,292
343,1,4,4,1.70171511579989,7,600,353
344,3,1,17,1.70354301788506,6,443,294
345,4,3,27,1.70425187778925,12,870,590
346,4,4,28,1.70485602571253,5,129,215
347,2,3,11,1.70891671787395,8,700,426
348,1,6,6,1.71159814871746,5,130,217
349,3,4,20,1.71187102918859,6,444,298
350,4,3,27,1.71359029852466,6,445,299
351,4,4,28,1.71372210626024,5,131,218
352,4,4,28,1.71619473746806,7,601,358
353,1,4,4,1.71626928200969,10,816,516
354,2,2,10,1.71955935592472,7,602,359
355,3,3,19,1.72277338691538,7,603,361
356,2,5,13,1.72348392001364,5,132,219
357,2,1,9,1.72367341548495,6,446,302
358,1,4,4,1.72660325321474,5,133,221
359,1,3,3,1.72731123906233,6,447,303
360,4,1,25,1.72952435037851,5,134,223
361,2,4,12,1.73113226490349,5,135,224
362,1,6,6,1.73408168150116,14,902,653
363,1,3,3,1.73786022819146,8,701,437
364,1,4,4,1.73856664073717,5,136,226
365,2,3,11,1.73878978738765,8,702,438
366,3,3,19,1.74148219388478,7,604,374
367,1,6,6,1.74212649846566,5,137,227
368,2,4,12,1.74333357063298,12,871,604
369,3,3,19,1.74384769072625,5,138,228
370,1,2,2,1.74573145751481,5,139,230
371,1,2,2,1.74775996807666,5,140,231
372,2,4,12,1.74890859499252,9,766,491
373,3,4,20,1.75324150167718,7,605,381
374,2,2,10,1.75402642947879,10,817,528
375,2,2,10,1.75768558003727,6,448,316
376,1,3,3,1.75856225880904,5,141,233
377,4,3,27,1.75973436871228,6,449,317
378,1,4,4,1.76028974427717,5,142,234
379,4,2,26,1.76542185502127,6,450,319
380,1,6,6,1.76563512483215,6,451,320
381,2,3,11,1.76568197426602,5,143,235
382,2,2,10,1.7714803783578,8,703,451
383,1,3,3,1.77363344198543,5,144,237
384,1,1,1,1.77744188141152,5,145,238
385,2,4,12,1.78036769848094,10,818,533
386,2,2,10,1.7820344245287,7,606,394
387,1,4,4,1.78231824319389,6,452,324
388,2,2,10,1.78451268148266,11,848,580
389,1,4,4,1.7874092732777,5,146,244
390,2,4,12,1.79012793893246,7,607,397
391,1,6,6,1.79015853091353,6,453,326
392,1,3,3,1.79029785553588,5,147,245
393,3,4,20,1.79177324963297,26,944,854
394,1,6,6,1.79467687911173,10,819,538
395,3,8,24,1.79536266392163,6,454,327
396,4,3,27,1.79746177328387,7,608,399
397,4,1,25,1.79797696721812,18,930,764
398,1,4,4,1.79831015759479,5,148,248
399,4,4,28,1.80195392475706,5,149,249
400,4,3,27,1.80305104060385,5,150,250
401,4,3,27,1.80307134369006,14,903,673
402,4,3,27,1.80519725745476,9,767,506
403,2,5,13,1.80755619054737,8,704,466
404,1,4,4,1.81567967260604,8,705,468
405,1,4,4,1.81853128226996,5,151,253
406,1,4,4,1.82001018604049,5,152,254
407,1,6,6,1.82342215339192,5,153,256
408,3,3,19,1.82362878037263,5,154,257
409,2,3,11,1.82465981754031,5,155,259
410,2,3,11,1.82470282112512,5,156,260
411,1,6,6,1.82771412093022,5,157,262
412,2,2,10,1.82847653451865,37,950,906
413,4,4,28,1.83228690905383,19,932,791
414,1,2,2,1.83258191695789,15,911,710
415,1,6,6,1.83484758821107,9,768,512
416,4,3,27,1.83489362185877,5,158,264
417,1,4,4,1.83784028517815,8,706,475
418,2,6,14,1.83871225028753,7,609,414
419,1,2,2,1.83922334864227,5,159,265
420,2,6,14,1.84010754430082,5,160,266
421,1,3,3,1.84491240825315,10,820,557
422,2,3,11,1.84560151447814,5,161,267
423,3,4,20,1.84686644919251,6,455,336
424,3,6,22,1.85357500842392,5,162,271
425,1,6,6,1.8539292635647,8,707,483
426,3,5,21,1.85495601785503,15,912,714
427,2,3,11,1.85731317369921,6,456,342
428,1,6,6,1.86029825180625,5,163,274
429,3,1,17,1.86154535576593,5,164,275
430,3,3,19,1.86475780513036,9,769,522
431,3,4,20,1.86670803351806,7,610,423
432,3,3,19,1.8725249051772,5,165,277
433,1,6,6,1.87881796287308,7,611,430
434,3,3,19,1.87886531176786,5,166,280
435,1,4,4,1.88215102164314,8,708,487
436,1,4,4,1.88522413181761,9,770,529
437,4,4,28,1.8854576714173,14,904,695
438,2,1,9,1.89076278197548,13,888,670
439,3,6,22,1.89510993610293,13,889,671
440,2,4,12,1.89746842656431,8,709,494
441,1,6,6,1.90640468761389,7,612,439
442,1,2,2,1.90642746303163,5,167,286
443,1,3,3,1.90964344191986,7,613,440
444,1,2,2,1.9144876196895,8,710,499
445,1,1,1,1.91609173206825,6,457,364
446,1,5,5,1.91630525160959,7,614,441
447,4,6,30,1.91868663130817,5,168,291
448,3,2,18,1.91875315496155,33,949,901
449,1,4,4,1.91917989890823,7,615,442
450,4,5,29,1.91976726494475,7,616,443
451,1,4,4,1.92409197214605,6,458,368
452,2,5,13,1.92439177356053,9,771,535
453,1,6,6,1.92820300996774,5,169,295
454,4,3,27,1.92956385782656,9,772,537
455,4,3,27,1.93279390486391,10,821,591
456,2,4,12,1.9334830110889,10,822,592
457,3,2,18,1.93495667051982,5,170,296
458,2,4,12,1.93906998088867,15,913,744
459,3,1,17,1.94448393118408,16,921,761
460,1,3,3,1.94464401465073,5,171,301
461,4,1,25,1.94708244186696,11,849,637
462,3,2,18,1.94893178671734,6,459,382
463,2,4,12,1.95188376721438,9,773,548
464,4,2,26,1.95883222584781,6,460,387
465,1,4,4,1.96143429235187,10,823,603
466,2,1,9,1.96372921536599,5,172,304
467,2,5,13,1.96413311019825,13,890,685
468,1,3,3,1.96827902960187,18,931,807
469,4,1,25,1.97855915892024,5,173,308
470,2,2,10,1.98024457313059,9,774,555
471,2,1,9,1.98663544192241,5,174,311
472,1,2,2,1.98697859654434,6,461,395
473,2,2,10,1.98903350361556,6,462,396
474,2,3,11,1.98923139003025,5,175,313
475,1,6,6,1.99046485870694,5,176,314
476,3,5,21,1.99687876673432,13,891,700
477,1,2,2,2.00384421792456,5,177,321
478,1,5,5,2.00554618093991,6,463,400
479,2,2,10,2.01195826017194,5,178,323
480,1,2,2,2.01300188375469,13,892,707
481,2,3,11,2.01482691393959,7,617,473
482,3,5,21,2.02135174647327,6,464,404
483,4,4,28,2.02844908608124,6,465,405
484,1,2,2,2.03401944880557,6,466,407
485,1,2,2,2.03725870257246,6,467,408
486,3,4,20,2.0379507805899,10,824,625
487,3,1,17,2.04237368180717,9,775,577
488,3,4,20,2.04409848683505,9,776,578
489,1,3,3,2.05016926777488,14,905,746
490,4,3,27,2.05662591428859,13,893,715
491,4,2,26,2.06286401591575,5,179,329
492,3,6,22,2.06482120345887,5,180,330
493,1,3,3,2.07230382721699,5,181,331
494,4,5,29,2.07339644791554,7,618,488
495,2,2,10,2.07467793975925,6,468,418
496,4,4,28,2.08048185040763,5,182,332
497,2,2,10,2.08096537851983,10,825,636
498,3,2,18,2.08236745271505,12,872,686
499,2,4,12,2.08290530008331,13,894,721
500,3,4,20,2.08424536332437,6,469,425
501,4,6,30,2.08528566549203,5,183,334
502,1,1,1,2.08644245026952,9,777,593
503,4,1,25,2.08801516944865,6,470,427
504,1,5,5,2.09003161802939,6,471,429
505,1,2,2,2.09262975127874,12,873,691
506,1,4,4,2.09838602584231,5,184,335
507,3,4,20,2.10234670095541,7,619,498
508,2,5,13,2.10416738583035,5,185,337
509,4,1,25,2.10822270254367,8,711,546
510,4,3,27,2.10834712450096,5,186,340
511,3,5,21,2.1151228112794,5,187,343
512,4,3,27,2.11601557269265,12,874,702
513,2,4,12,2.11680571986083,10,826,644
514,3,2,18,2.11838479051794,5,188,344
515,2,6,14,2.11876448070583,6,472,434
516,2,1,9,2.12410321843065,8,712,549
517,2,2,10,2.12616529276601,5,189,346
518,2,3,11,2.12745631806994,8,713,550
519,2,4,12,2.13864996764585,5,190,349
520,4,6,30,2.14579905140466,6,473,444
521,1,2,2,2.14825969555051,5,191,351
522,1,4,4,2.14938513083121,5,192,352
523,2,3,11,2.15477421421629,5,193,354
524,1,5,5,2.15903376674118,21,938,867
525,1,2,2,2.16787921955308,7,620,507
526,2,3,11,2.17964182378752,5,194,360
527,1,2,2,2.18279681849798,5,195,363
528,2,2,10,2.18428830868357,5,196,365
529,1,4,4,2.18683076452737,9,778,622
530,2,6,14,2.19170800036635,5,197,367
531,1,5,5,2.19356449658892,5,198,369
532,2,5,13,2.1959532932821,6,474,457
533,4,1,25,2.19692087394047,6,475,460
534,2,3,11,2.19814205587865,7,621,514
535,4,4,28,2.19987933702398,8,714,568
536,2,4,12,2.2013691227992,5,199,373
537,4,3,27,2.20281288949433,6,476,461
538,4,6,30,2.20922858981799,7,622,517
539,2,3,11,2.21265039654946,6,477,464
540,2,3,11,2.21322028145394,5,200,375
541,1,5,5,2.21825484748127,5,201,377
542,1,5,5,2.21881179634804,5,202,378
543,2,2,10,2.22152311992734,5,203,380
544,4,4,28,2.22265694615142,5,204,383
545,3,1,17,2.22275374167682,7,623,520
546,1,3,3,2.22439701803461,5,205,384
547,3,1,17,2.22636831761887,11,850,690
548,3,5,21,2.23173909349113,5,206,386
549,3,5,21,2.23316887528063,6,478,470
550,4,3,27,2.2409109190382,10,827,662
551,3,3,19,2.24581175440543,5,207,389
552,2,1,9,2.25040789364121,5,208,391
553,3,4,20,2.25469531608518,15,914,808
554,4,2,26,2.26124689475088,5,209,392
555,1,1,1,2.26258918347452,8,715,589
556,3,1,17,2.26620471860855,6,479,479
557,2,2,10,2.27352232048021,12,875,740
558,4,4,28,2.27474058057203,5,210,398
559,4,5,29,2.2869836662071,6,480,484
560,3,5,21,2.28787607799771,6,481,485
561,1,4,4,2.28865411323869,7,624,530
562,4,1,25,2.29036661487935,10,828,672
563,1,6,6,2.2935665610722,7,625,532
564,1,2,2,2.2960263061884,5,211,401
565,1,6,6,2.30123166287576,6,482,486
566,4,6,30,2.30284145662243,8,716,601
567,3,2,18,2.31429385608774,9,779,646
568,1,2,2,2.31706419929855,7,626,540
569,3,6,22,2.31968037557346,10,829,677
570,3,6,22,2.32586869631538,8,717,606
571,1,3,3,2.3290121534787,5,212,409
572,4,1,25,2.32966874479809,5,213,410
573,3,4,20,2.33033125472934,14,906,802
574,3,3,19,2.33412678309076,6,483,493
575,1,4,4,2.33903723308061,5,214,413
576,3,6,22,2.34548986853897,5,215,416
577,4,3,27,2.34922848332908,7,627,551
578,3,4,20,2.34951192739858,6,484,495
579,3,2,18,2.3641070273684,17,927,846
580,1,2,2,2.36535857359223,8,718,617
581,3,3,19,2.37673774168191,5,216,419
582,3,1,17,2.38109473903139,5,217,422
583,4,4,28,2.38271523997144,5,218,424
584,4,1,25,2.39003319146574,7,628,559
585,4,3,27,2.39022198769177,5,219,428
586,2,3,11,2.39093521787897,6,485,503
587,4,3,27,2.39147388647624,7,629,560
588,1,4,4,2.39660291872489,11,851,730
589,1,4,4,2.40352762647828,7,630,562
590,2,1,9,2.40717379105295,5,220,433
591,4,4,28,2.41275691500367,7,631,564
592,2,2,10,2.42300763231738,8,719,629
593,1,4,4,2.42744001704878,5,221,435
594,3,2,18,2.42968424477999,15,915,830
595,3,1,17,2.43009155515651,5,222,436
596,3,4,20,2.43429454373273,6,486,509
597,3,2,18,2.43984480315521,6,487,511
598,2,4,12,2.44593588510017,8,720,634
599,2,1,9,2.45056645819308,22,939,890
600,4,4,28,2.45194943822453,10,830,708
601,2,5,13,2.45850119170155,15,916,833
602,1,4,4,2.45943902946241,7,632,576
603,1,4,4,2.4611277900609,9,780,667
604,2,4,12,2.47184279167396,5,223,447
605,3,3,19,2.47503659449755,5,224,448
606,2,6,14,2.47534705940257,5,225,449
607,1,4,4,2.48081420852873,7,633,582
608,3,5,21,2.48977154058568,7,634,585
609,2,2,10,2.49673032973571,5,226,452
610,2,5,13,2.49943011576787,5,227,453
611,3,3,19,2.50272206266133,7,635,588
612,2,5,13,2.50722949763854,5,228,454
613,1,4,4,2.51216745127613,9,781,676
614,2,2,10,2.51441384958123,8,721,645
615,3,4,20,2.51937014383985,5,229,458
616,4,1,25,2.52327946528974,11,852,755
617,4,2,26,2.52512513229156,7,636,597
618,3,5,21,2.53393222266315,13,895,811
619,2,6,14,2.54691551321686,5,230,467
620,4,4,28,2.55261820811073,7,637,602
621,1,2,2,2.56191747111037,5,231,469
622,4,4,28,2.56410068969077,8,722,650
623,3,4,20,2.56690274034535,5,232,471
624,1,5,5,2.58259151602475,11,853,767
625,4,4,28,2.58400243408358,5,233,472
626,1,1,1,2.59072882406968,5,234,474
627,4,3,27,2.59340029066793,5,235,477
628,2,3,11,2.59741011273511,5,236,478
629,2,2,10,2.60628877969788,6,488,539
630,4,4,28,2.60895465233388,9,782,692
631,4,5,29,2.60933343350291,25,942,916
632,1,2,2,2.61103315893336,6,489,543
633,2,3,11,2.61342842364539,5,237,481
634,2,5,13,2.61463147515233,5,238,482
635,1,4,4,2.62068673950639,7,638,618
636,1,6,6,2.6234529205429,9,783,698
637,2,6,14,2.62769242803638,7,639,620
638,3,2,18,2.62942243578213,12,876,804
639,2,6,14,2.63889087243708,8,723,660
640,4,5,29,2.64871750421103,13,896,823
641,3,1,17,2.65468504401831,7,640,624
642,1,6,6,2.66331703972149,8,724,663
643,4,5,29,2.68000321728133,6,490,554
644,4,3,27,2.68416197859349,5,239,492
645,1,1,1,2.69348191927503,7,641,630
646,4,6,30,2.70220276907505,20,936,897
647,2,8,16,2.71587869569772,5,240,500
648,1,4,4,2.72535993728189,10,831,756
649,2,5,13,2.72641142737406,10,832,757
650,4,3,27,2.72956432434867,5,241,501
651,2,1,9,2.73917247895145,6,491,567
652,2,2,10,2.74115833555112,6,492,569
653,1,4,4,2.74521526926915,8,725,675
654,4,2,26,2.7566177746701,6,493,573
655,4,3,27,2.75957977768284,5,242,504
656,3,5,21,2.76083771994439,6,494,574
657,1,3,3,2.77370008716847,7,642,643
658,1,2,2,2.79160975667322,6,495,581
659,1,5,5,2.80183884108604,6,496,583
660,1,6,6,2.80515238966409,6,497,584
661,4,3,27,2.80654476183103,12,877,820
662,3,4,20,2.84053303550289,9,784,742
663,2,4,12,2.84589583891948,10,833,775
664,1,1,1,2.84622361014522,5,243,515
665,2,4,12,2.86340957327006,8,726,694
666,2,4,12,2.86527524708696,5,244,518
667,4,3,27,2.87467397772791,6,498,600
668,3,3,19,2.88408040006695,15,917,870
669,1,5,5,2.88658719440139,5,245,521
670,4,1,25,2.89226996080473,5,246,523
671,3,5,21,2.90589370624826,5,247,524
672,3,6,22,2.90760650756548,5,248,525
673,4,3,27,2.91331951632725,6,499,607
674,4,3,27,2.91531988226651,5,249,526
675,2,4,12,2.91836070021171,7,643,657
676,1,4,4,2.91873814282548,5,250,527
677,3,3,19,2.92808845073068,6,500,610
678,4,4,28,2.93664109458092,6,501,611
679,3,3,19,2.95871146080888,12,878,836
680,4,4,28,2.96149402000124,6,502,619
681,4,6,30,2.9629683037583,7,644,664
682,3,2,18,2.98298165269266,15,918,873
683,1,4,4,2.98824517784687,8,727,716
684,1,5,5,2.99364094776496,5,251,534
685,4,4,28,3.00202009137971,8,728,718
686,1,4,4,3.00645286943659,5,252,536
687,3,3,19,3.01180209584062,5,253,541
688,3,1,17,3.01269468244255,5,254,542
689,2,3,11,3.01353622413892,6,503,626
690,3,3,19,3.01358816807413,7,645,669
691,4,1,25,3.01854002337386,5,255,544
692,3,3,19,3.02413573373965,5,256,545
693,4,4,28,3.02574067647218,6,504,627
694,3,1,17,3.03681010387517,7,646,674
695,1,6,6,3.05700620555848,5,257,552
696,3,3,19,3.05710305102998,15,919,877
697,2,4,12,3.06588959242691,6,505,633
698,3,4,20,3.06731867497112,7,647,678
699,1,6,6,3.06923613664169,8,729,729
700,1,4,4,3.08216656582093,9,785,772
701,1,4,4,3.08721701054319,8,730,732
702,1,4,4,3.10327386734962,5,258,556
703,4,1,25,3.11206967374653,5,259,558
704,4,4,28,3.11883513406273,8,731,738
705,1,6,6,3.12252408995133,9,786,781
706,2,2,10,3.13783319133477,6,506,642
707,1,6,6,3.14149251670456,5,260,563
708,1,6,6,3.15279383548623,9,787,784
709,3,4,20,3.15888904006482,5,261,565
710,1,4,4,3.16499225266676,7,648,688
711,4,5,29,3.16753066287714,5,262,566
712,2,6,14,3.18189071360217,5,263,572
713,1,5,5,3.19794381196521,6,507,647
714,4,3,27,3.19989453148948,5,264,575
715,2,4,12,3.21987441654251,5,265,579
716,1,5,5,3.25806789306732,5,266,587
717,3,2,18,3.26694052903954,12,879,862
718,4,1,25,3.28733882498793,12,880,863
719,1,2,2,3.28977307262441,6,508,654
720,3,3,19,3.29108124400535,9,788,801
721,3,6,22,3.29626766279966,5,267,594
722,1,4,4,3.29972368260384,5,268,595
723,2,4,12,3.3013683075061,5,269,596
724,1,4,4,3.30905860711284,5,270,598
725,4,4,28,3.31010013295974,6,509,658
726,3,3,19,3.32225651217989,6,510,659
727,3,2,18,3.32782914745139,5,271,599
728,3,3,19,3.331157729803,10,834,827
729,2,2,10,3.33310639529425,8,732,766
730,3,4,20,3.34991366090977,7,649,719
731,2,5,13,3.35718971387654,8,733,769
732,4,3,27,3.37230953830282,5,272,605
733,1,3,3,3.37539740546625,7,650,722
734,3,5,21,3.37992956375877,5,273,608
735,4,1,25,3.39216775467686,5,274,609
736,2,3,11,3.39742450589241,6,511,666
737,1,4,4,3.41147409171242,6,512,668
738,3,2,18,3.41585748557128,9,789,812
739,1,3,3,3.4175337076197,8,734,776
740,1,1,1,3.43291417572469,5,275,616
741,2,6,14,3.44846004655509,7,651,733
742,4,4,28,3.45190765876719,9,790,815
743,1,5,5,3.46964762810158,5,276,621
744,4,4,28,3.4811977616626,5,277,623
745,3,1,17,3.49810271558992,6,513,680
746,1,2,2,3.51888778158468,6,514,683
747,1,4,4,3.53059764274645,7,652,748
748,4,4,28,3.5406996455726,8,735,788
749,1,2,2,3.54798051720206,11,854,865
750,2,3,11,3.56776806296326,19,933,925
751,4,3,27,3.57664369372942,5,278,635
752,4,2,26,3.59181687931126,8,736,796
753,2,5,13,3.59800913330789,5,279,638
754,3,1,17,3.60635392649818,5,280,640
755,1,4,4,3.61740794553193,5,281,641
756,3,3,19,3.62336551533094,6,515,693
757,3,2,18,3.64868780914651,6,516,699
758,3,4,20,3.66090974261181,6,517,704
759,4,1,25,3.70376049238844,7,653,763
760,4,6,30,3.70447272365382,6,518,709
761,1,2,2,3.72650117489472,11,855,871
762,3,2,18,3.72670417851351,5,282,648
763,1,6,6,3.73424209259496,7,654,768
764,1,4,4,3.74077474169197,5,283,649
765,1,2,2,3.74089739368464,16,922,915
766,3,4,20,3.7548793930779,10,835,860
767,1,4,4,3.75962709372846,5,284,651
768,1,5,5,3.76743696427835,5,285,652
769,4,4,28,3.80536682533201,6,519,717
770,4,3,27,3.80623863435986,7,655,773
771,1,3,3,3.82979246193919,7,656,779
772,2,3,11,3.83546863545845,5,286,655
773,2,2,10,3.8464240609075,5,287,656
774,4,1,25,3.86668888841277,6,520,726
775,4,6,30,3.87758173140912,5,288,661
776,1,6,6,3.88441912658366,6,521,727
777,3,2,18,3.88635428790042,6,522,728
778,2,6,14,3.91287029330382,14,907,908
779,4,3,27,3.94579363306055,6,523,736
780,2,4,12,3.95691075898096,5,289,665
781,3,4,20,3.96630511933889,6,524,739
782,4,2,26,3.97851102843316,9,791,848
783,4,1,25,4.00941621311769,6,525,745
784,2,2,10,4.01017402019159,6,526,747
785,1,4,4,4.02425809151753,11,856,880
786,1,6,6,4.03332515740788,6,527,750
787,1,4,4,4.04450434134703,6,528,751
788,4,4,28,4.06457355498478,6,529,753
789,2,1,9,4.06962525252151,5,290,679
790,3,4,20,4.08532890305508,5,291,681
791,1,1,1,4.08873352833106,5,292,682
792,4,4,28,4.09235304042263,8,737,832
793,1,3,3,4.10921162564721,5,293,684
794,1,2,2,4.16205970997191,6,530,758
795,1,3,3,4.19568029716655,5,294,687
796,1,2,2,4.20722716758293,9,792,864
797,2,1,9,4.20863294195109,6,531,760
798,4,6,30,4.23710428689223,5,295,696
799,1,6,6,4.2449928225363,5,296,697
800,4,3,27,4.25696630541248,16,923,926
801,3,3,19,4.26003508692568,7,657,814
802,1,4,4,4.26435282664721,5,297,701
803,4,3,27,4.26822944248825,5,298,703
804,4,1,25,4.2732975722891,10,836,875
805,2,1,9,4.28411244943655,10,837,876
806,1,5,5,4.28498510754795,5,299,705
807,3,1,17,4.2994164812917,5,300,706
808,4,2,26,4.30176629506043,6,532,770
809,3,1,17,4.30663741250319,6,533,771
810,4,3,27,4.3072088438155,26,945,942
811,2,3,11,4.3096854976047,7,658,817
812,1,6,6,4.31830569354375,7,659,818
813,4,4,28,4.31942660870316,12,881,903
814,3,1,17,4.33917801536044,5,301,711
815,1,2,2,4.34977892345173,5,302,712
816,4,2,26,4.35996855877657,9,793,869
817,1,5,5,4.36892967841213,6,534,778
818,4,1,25,4.36952281322223,5,303,713
819,1,4,4,4.41748002642496,6,535,782
820,4,4,28,4.43455821837079,6,536,783
821,3,1,17,4.4948898005102,5,304,723
822,2,2,10,4.4969256531475,5,305,724
823,4,1,25,4.49870985240257,14,908,922
824,3,4,20,4.51800527621713,6,537,787
825,4,3,27,4.52022205857104,5,306,725
826,2,1,9,4.53098064647332,6,538,789
827,3,1,17,4.5681298001701,6,539,794
828,1,4,4,4.58097353750204,5,307,731
829,2,2,10,4.59502364775601,6,540,795
830,4,2,26,4.60538069405535,5,308,734
831,4,3,27,4.6086101583883,5,309,735
832,3,5,21,4.62656782608702,5,310,737
833,1,4,4,4.64811996415566,5,311,741
834,2,3,11,4.64947659200787,19,934,939
835,1,6,6,4.65405865433207,5,312,743
836,4,8,32,4.67751885796281,6,541,803
837,4,3,27,4.7121930579585,7,660,840
838,3,3,19,4.71759173099317,5,313,749
839,4,6,30,4.76890234975501,7,661,842
840,1,2,2,4.77356306928715,7,662,843
841,4,2,26,4.80406145138043,5,314,754
842,3,4,20,4.86497655370732,10,838,898
843,4,1,25,4.92529694792223,5,315,759
844,1,2,2,4.94789480730947,5,316,762
845,1,6,6,4.94993933694504,11,857,910
846,1,4,4,4.96564689689541,5,317,765
847,1,1,1,4.9750057705553,6,542,819
848,4,1,25,5.03534626807206,11,858,913
849,4,3,27,5.04752799493367,6,543,821
850,3,3,19,5.0555439680303,6,544,822
851,3,4,20,5.07003158107312,7,663,853
852,4,2,26,5.07992989749471,7,664,855
853,3,3,19,5.10711655404227,7,665,857
854,1,4,4,5.10788597358246,5,318,774
855,4,1,25,5.11994585695375,5,319,777
856,4,2,26,5.1535064838655,5,320,780
857,2,4,12,5.15620382253917,9,794,891
858,1,4,4,5.21191584072587,5,321,785
859,4,4,28,5.25531193522735,9,795,896
860,4,2,26,5.32172479531016,6,545,835
861,1,6,6,5.33144692689384,5,322,790
862,4,3,27,5.33798976499352,5,323,792
863,4,1,25,5.36176550305757,5,324,793
864,4,4,28,5.38608653590037,9,796,900
865,4,2,26,5.42102339406713,5,325,797
866,4,2,26,5.42400113009871,5,326,798
867,1,4,4,5.4432237325118,5,327,799
868,2,4,12,5.44753877514438,5,328,800
869,2,5,13,5.47734532895069,6,546,844
870,4,2,26,5.51267871746254,5,329,805
871,3,3,19,5.53704458676036,11,859,921
872,4,4,28,5.54420768720867,5,330,806
873,1,2,2,5.62025729811276,8,738,886
874,2,4,12,5.62191621384047,5,331,809
875,4,1,25,5.65244561245659,5,332,810
876,4,4,28,5.70762144062082,8,739,888
877,4,6,30,5.74961221235004,6,547,850
878,2,5,13,5.76452554090411,5,333,816
879,4,1,25,5.79627284998942,6,548,851
880,2,2,10,5.8142661791975,6,549,852
881,4,1,25,5.86681096588132,6,550,859
882,4,1,25,5.93161664398183,7,666,878
883,4,1,25,5.99340728464474,9,797,912
884,3,1,17,6.00503619984082,5,334,825
885,2,2,10,6.05824596878742,6,551,866
886,2,1,9,6.05833712040448,7,667,881
887,3,3,19,6.07450796667832,5,335,826
888,1,4,4,6.08287014110847,7,668,882
889,3,4,20,6.10198306190454,5,336,828
890,2,1,9,6.11975088450931,5,337,829
891,1,2,2,6.16286984479752,5,338,831
892,4,1,25,6.22851044673728,6,552,868
893,1,3,3,6.25825599139276,5,339,834
894,1,4,4,6.31944379937947,5,340,837
895,3,4,20,6.3217534065445,5,341,838
896,2,3,11,6.33876604424518,5,342,839
897,4,5,29,6.36555622871809,5,343,841
898,4,3,27,6.37336959549439,6,553,872
899,2,1,9,6.46851415284485,8,740,909
900,4,4,28,6.57920493064834,7,669,892
901,4,4,28,6.5817027346863,7,670,894
902,2,6,14,6.6327815536373,5,344,845
903,1,6,6,6.66172611282274,5,345,847
904,3,5,21,6.71129860759896,7,671,899
905,1,4,4,6.72454491042872,5,346,849
906,4,2,26,6.91193565343751,5,347,856
907,4,6,30,6.91815544021711,5,348,858
908,1,4,4,7.01645324416482,5,349,861
909,4,3,27,7.18634961942003,7,672,907
910,1,6,6,7.24389937907194,6,554,884
911,4,2,26,7.29760753509297,6,555,885
912,4,5,29,7.4350066107523,6,556,889
913,3,4,20,7.49466809115456,7,673,911
914,3,3,19,7.58041029677243,6,557,893
915,3,1,17,7.5871955981735,6,558,895
916,1,2,2,7.62579437474464,8,741,924
917,2,2,10,7.91071279042916,10,839,935
918,3,1,17,7.95590955807156,5,350,874
919,3,4,20,7.98175611103699,6,559,902
920,4,2,26,8.09103835911294,5,351,879
921,2,3,11,8.1964413109076,9,798,932
922,4,2,26,8.42347075389734,5,352,883
923,4,3,27,8.45282167448356,7,674,923
924,4,2,26,8.69254942843536,5,353,887
925,4,5,29,9.31851249341477,8,742,933
926,4,3,27,9.34115204530193,10,840,940
927,3,1,17,9.40176157744077,6,560,919
928,4,1,25,9.75337549397796,5,354,904
929,4,5,29,9.76039137151063,5,355,905
930,4,2,26,9.81379775948983,8,743,937
931,4,2,26,10.0276049975184,13,897,946
932,3,1,17,10.9489443771665,5,356,917
933,4,3,27,11.1393139050748,5,357,918
934,2,6,14,11.2887534600489,5,358,920
935,4,2,26,11.6265352123458,8,744,941
936,2,3,11,11.8181434969732,6,561,930
937,4,2,26,12.5122012526137,5,359,927
938,4,3,27,12.8708336688534,6,562,936
939,4,4,28,12.9074125880231,5,360,928
940,2,1,9,13.0183350907183,12,882,949
941,4,3,27,13.4502667676554,5,361,929
942,4,4,28,13.7657767273805,8,745,944
943,4,4,28,14.2369292469724,5,362,931
944,4,4,28,14.5729424768438,5,363,934
945,3,2,18,15.1883308179704,7,675,943
946,3,2,18,15.576939829485,5,364,938
947,4,4,28,16.9979411460349,7,676,945
948,1,4,4,18.7828431426142,7,677,947
949,3,3,19,22.9829696261628,11,860,950
950,4,1,25,24.0346447004893,6,563,948
951,1,2,2,101,13,898,951
